<?xml version="1.0"?>
<root xmlns="urn:schemas-upnp-org:device-1-0">
  <specVersion>
    <major>1</major>
    <minor>0</minor>
  </specVersion>
  <device>
    <deviceType>urn:schemas-gengen_mcv-org:device:SceneControllerEvolveLCD:1</deviceType>
    <staticJson>D_EvolveLCD1.json</staticJson>
    <friendlyName>Evolve LCD1 Controller</friendlyName>
    <manufacturer>Evolve Guest Controls</manufacturer>
    <Category_Num>14</Category_Num>
    <SubCategory_Num>0</SubCategory_Num>
    <serviceList>
      <service>
        <serviceType>urn:schemas-gengen_mcv-org:service:SceneController:1</serviceType>
        <serviceId>urn:gengen_mcv-org:serviceId:SceneController1</serviceId>
        <SCPDURL>S_GenGenSceneController.xml</SCPDURL>
      </service>
      <service>
        <serviceType>urn:schemas-gengen_mcv-org:service:ZWaveMonitor:1</serviceType>
        <serviceId>urn:gengen_mcv-org:serviceId:ZWaveMonitor1</serviceId>
        <SCPDURL>S_GenGenZWaveMonitor.xml</SCPDURL>
      </service>
      <service>
        <serviceType>urn:schemas-micasaverde-com:service:SceneController:1</serviceType>
        <serviceId>urn:micasaverde-com:serviceId:SceneController1</serviceId>
        <SCPDURL>S_SceneController1.xml</SCPDURL>
      </service>
      <service>
        <serviceType>urn:schemas-micasaverde-com:service:HaDevice:1</serviceType>
        <serviceId>urn:micasaverde-com:serviceId:HaDevice1</serviceId>
        <SCPDURL>S_HaDevice1.xml</SCPDURL>
      </service>
      <service>
        <Optional/>
        <serviceType>urn:schemas-upnp-org:service:HVAC_FanOperatingMode:1</serviceType>
        <serviceId>urn:upnp-org:serviceId:HVAC_FanOperatingMode1</serviceId>
        <SCPDURL>S_HVAC_FanOperatingMode1.xml</SCPDURL>
      </service>
      <service>
        <serviceType>urn:micasaverde-com:serviceId:HVAC_OperatingState:1</serviceType>
        <serviceId>urn:micasaverde-com:serviceId:HVAC_OperatingState1</serviceId>
        <SCPDURL>S_HVAC_OperatingState1.xml</SCPDURL>
      </service>
      <service>
        <serviceType>urn:schemas-upnp-org:service:HVAC_UserOperatingMode:1</serviceType>
        <serviceId>urn:upnp-org:serviceId:HVAC_UserOperatingMode1</serviceId>
        <SCPDURL>S_HVAC_UserOperatingMode1.xml</SCPDURL>
      </service>
      <service>
        <Optional/>
        <serviceType>urn:schemas-upnp-org:service:FanSpeed:1</serviceType>
        <serviceId>urn:upnp-org:serviceId:FanSpeed1</serviceId>
        <SCPDURL>S_FanSpeed1.xml</SCPDURL>
      </service>
      <service>
        <serviceType>urn:schemas-upnp-org:service:TemperatureSensor:1</serviceType>
        <serviceId>urn:upnp-org:serviceId:TemperatureSensor1</serviceId>
        <SCPDURL>S_TemperatureSensor1.xml</SCPDURL>
      </service>
      <service>
        <serviceType>urn:schemas-upnp-org:service:TemperatureSetpoint:1</serviceType>
        <serviceId>urn:upnp-org:serviceId:TemperatureSetpoint1_Heat</serviceId>
        <SCPDURL>S_TemperatureSetpoint1.xml</SCPDURL>
      </service>
      <service>
        <serviceType>urn:schemas-upnp-org:service:TemperatureSetpoint:1</serviceType>
        <serviceId>urn:upnp-org:serviceId:TemperatureSetpoint1_Cool</serviceId>
        <SCPDURL>S_TemperatureSetpoint1.xml</SCPDURL>
      </service>
      <service>
        <serviceType>urn:schemas-upnp-org:service:SwitchPower:1</serviceType>
        <serviceId>urn:upnp-org:serviceId:SwitchPower1</serviceId>
        <SCPDURL>S_SwitchPower1.xml</SCPDURL>
      </service>
    </serviceList>
    <implementationList>
      <implementationFile>I_GenGenSceneController.xml</implementationFile>
    </implementationList>
  </device>
</root>