<?xml version="1.0"?>
<root xmlns="urn:schemas-upnp-org:device-1-0">
  <specVersion>
    <major>1</major>
    <minor>0</minor>
  </specVersion>
  <device>
    <deviceType>urn:schemas-gengen_mcv-org:device:SceneControllerInstaller:1</deviceType>
    <staticJson>D_GenGenSceneControllerInstaller.json</staticJson>
    <friendlyName>GenGeneric Scene Controller Installer</friendlyName>
    <manufacturer>Various</manufacturer>
    <Category_Num>14</Category_Num>
    <SubCategory_Num>0</SubCategory_Num>
    <serviceList>
      <service>
        <serviceType>urn:schemas-gengen_mcv-org:service:SceneControllerInstaller:1</serviceType>
        <serviceId>urn:gengen_mcv-org:serviceId:SceneControllerInstaller1</serviceId>
        <SCPDURL>S_GenGenSceneControllerInstaller.xml</SCPDURL>
      </service>
      <service>
        <serviceType>urn:schemas-gengen_mcv-org:service:ZWaveMonitor:1</serviceType>
        <serviceId>urn:gengen_mcv-org:serviceId:ZWaveMonitor1</serviceId>
        <SCPDURL>S_GenGenZWaveMonitor.xml</SCPDURL>
      </service>
    </serviceList>
    <implementationList>
      <implementationFile>I_GenGenSceneControllerInstaller.xml</implementationFile>
    </implementationList>
  </device>
</root>
