{
    "flashicon": "icons/devices.swf",
    "imgIconBody": "",
    "imgIconDimmable": "",
    "imgIconTurnable": "",
    "imgIconMin": "",
    "imgIconMax": "",
    "halloIconsDir": "pics/hallo",
    "inScene": "0",
    "DisplayStatus": {},
    "doc_url": {
        "doc_language": 1,
        "doc_manual": 1,
        "doc_version": 1,
        "doc_platform": 0,
        "doc_page": "devices"
    },
    "Tabs": [
        {
            "Label": {
                "lang_tag": "settings",
                "text": "Settings"
            },
            "Position": "0",
            "TabType": "javascript",
            "ScriptName": "shared.js",
            "Function": "simple_device"
        },
        {
            "Label": {
                "lang_tag": "advanced",
                "text": "Advanced"
            },
            "Position": "1",
            "TabType": "javascript",
            "ScriptName": "shared.js",
            "Function": "advanced_device"
        },
        {
            "Label": {
                "lang_tag": "device_options",
                "text": "Device Options"
            },
            "Position": "2",
            "TabType": "javascript",
            "ScriptName": "shared.js",
            "Function": "device_zwave_options"
        },
        {
            "Label": {
                "lang_tag": "notifications",
                "text": "Notifications"
            },
            "Position": "3",
            "TabType": "javascript",
            "ScriptName": "shared.js",
            "Function": "device_notifications"
        }
    ],
    "eventList2": [
     ],
	"DeviceType": "urn:schemas-gengen_mcv-org:device:SceneControllerInstaller:1",
	"device_type": "urn:schemas-gengen_mcv-org:device:SceneControllerInstaller:1"
}
