<?xml version="1.0"?>
<implementation>
  <files>L_GenGenSceneControllerInstaller.lua</files>
  <startup>SceneControllerInstaller_Init</startup>
  <actionList>
    <action>
      <serviceId>urn:gengen_mcv-org:serviceId:SceneControllerInstaller1</serviceId>
      <name>RegisterClientDevice</name>
      <run>
		SceneController_RegisterClientDevice(lul_device, tonumber(lul_settings.DeviceNumber))
        return true
      </run>
    </action>
    <action>
      <serviceId>urn:gengen_mcv-org:serviceId:SceneControllerInstaller1</serviceId>
      <name>RunZWaveQueue</name>
      <run>
		SceneController_RunZWaveQueue(lul_device, lul_settings)
        return true
      </run>
    </action>
    <action>
      <serviceId>urn:gengen_mcv-org:serviceId:ZWaveMonitor1</serviceId>
      <name>Monitor</name>
      <run>
		SceneController_ZWaveMonitorResponse(lul_device, lul_settings, false, false)
        return true;
      </run>
    </action>
    <action>
      <serviceId>urn:gengen_mcv-org:serviceId:ZWaveMonitor1</serviceId>
      <name>Intercept</name>
      <run>
		SceneController_ZWaveMonitorResponse(lul_device, lul_settings, true, false)
        return true;
      </run>
    </action>
    <action>
      <serviceId>urn:gengen_mcv-org:serviceId:ZWaveMonitor1</serviceId>
      <name>Timeout</name>
      <run>
		SceneController_ZWaveMonitorResponse(lul_device, lul_settings, true, true)
        return true;
      </run>
    </action>
    <action>
      <serviceId>urn:gengen_mcv-org:serviceId:ZWaveMonitor1</serviceId>
      <name>Error</name>
      <run>
		SceneController_ZWaveMonitorError(lul_device, lul_settings.ErrorCode, lul_settings.ErrorMessage)
        return true;
      </run>
    </action>
  </actionList>
</implementation>
