<scpd xmlns="urn:schemas-upnp-org:service-1-0">
  <specVersion>
    <major>1</major>
    <minor>0</minor>
  </specVersion>
  <serviceStateTable>
    <stateVariable sendEvents="no">
      <name>A_ARG_TYPE_Key</name>
	  <sendEventsAttribute>no</sendEventsAttribute>
      <dataType>string</dataType>
    </stateVariable>
    <stateVariable sendEvents="no">
      <name>A_ARG_TYPE_C1</name>
	  <sendEventsAttribute>no</sendEventsAttribute>
      <dataType>string</dataType>
    </stateVariable>
    <stateVariable sendEvents="no">
      <name>A_ARG_TYPE_C2</name>
	  <sendEventsAttribute>no</sendEventsAttribute>
      <dataType>string</dataType>
    </stateVariable>
    <stateVariable sendEvents="no">
      <name>A_ARG_TYPE_C3</name>
	  <sendEventsAttribute>no</sendEventsAttribute>
      <dataType>string</dataType>
    </stateVariable>
    <stateVariable sendEvents="no">
      <name>A_ARG_TYPE_C4</name>
	  <sendEventsAttribute>no</sendEventsAttribute>
      <dataType>string</dataType>
    </stateVariable>
    <stateVariable sendEvents="no">
      <name>A_ARG_TYPE_C5</name>
	  <sendEventsAttribute>no</sendEventsAttribute>
      <dataType>string</dataType>
    </stateVariable>
    <stateVariable sendEvents="no">
      <name>A_ARG_TYPE_C6</name>
	  <sendEventsAttribute>no</sendEventsAttribute>
      <dataType>string</dataType>
    </stateVariable>
    <stateVariable sendEvents="no">
      <name>A_ARG_TYPE_C7</name>
	  <sendEventsAttribute>no</sendEventsAttribute>
      <dataType>string</dataType>
    </stateVariable>
    <stateVariable sendEvents="no">
      <name>A_ARG_TYPE_C8</name>
	  <sendEventsAttribute>no</sendEventsAttribute>
      <dataType>string</dataType>
    </stateVariable>
    <stateVariable sendEvents="no">
      <name>A_ARG_TYPE_C9</name>
	  <sendEventsAttribute>no</sendEventsAttribute>
      <dataType>string</dataType>
    </stateVariable>
    <stateVariable sendEvents="no">
      <name>A_ARG_TYPE_ErrorMessage</name>
	  <sendEventsAttribute>no</sendEventsAttribute>
      <dataType>string</dataType>
    </stateVariable>
  </serviceStateTable>
  <actionList>
    <action>
      <name>Monitor</name>
      <argumentList>
        <argument>
          <name>Key</name>
          <direction>in</direction>
          <relatedStateVariable>A_ARG_TYPE_Key</relatedStateVariable>
        </argument>
        <argument>
          <name>C1</name>
          <direction>in</direction>
          <relatedStateVariable>A_ARG_TYPE_C1</relatedStateVariable>
        </argument>
        <argument>
          <name>C2</name>
          <direction>in</direction>
          <relatedStateVariable>A_ARG_TYPE_C2</relatedStateVariable>
        </argument>
        <argument>
          <name>C3</name>
          <direction>in</direction>
          <relatedStateVariable>A_ARG_TYPE_C3</relatedStateVariable>
        </argument>
        <argument>
          <name>C4</name>
          <direction>in</direction>
          <relatedStateVariable>A_ARG_TYPE_C4</relatedStateVariable>
        </argument>
        <argument>
          <name>C5</name>
          <direction>in</direction>
          <relatedStateVariable>A_ARG_TYPE_C5</relatedStateVariable>
        </argument>
        <argument>
          <name>C6</name>
          <direction>in</direction>
          <relatedStateVariable>A_ARG_TYPE_C6</relatedStateVariable>
        </argument>
        <argument>
          <name>C7</name>
          <direction>in</direction>
          <relatedStateVariable>A_ARG_TYPE_C7</relatedStateVariable>
        </argument>
        <argument>
          <name>C8</name>
          <direction>in</direction>
          <relatedStateVariable>A_ARG_TYPE_C8</relatedStateVariable>
        </argument>
        <argument>
          <name>C9</name>
          <direction>in</direction>
          <relatedStateVariable>A_ARG_TYPE_C9</relatedStateVariable>
        </argument>
      </argumentList>
    </action>
    <action>
      <name>Intercept</name>
      <argumentList>
        <argument>
          <name>Key</name>
          <direction>in</direction>
          <relatedStateVariable>A_ARG_TYPE_Key</relatedStateVariable>
        </argument>
        <argument>
          <name>C1</name>
          <direction>in</direction>
          <relatedStateVariable>A_ARG_TYPE_C1</relatedStateVariable>
        </argument>
        <argument>
          <name>C2</name>
          <direction>in</direction>
          <relatedStateVariable>A_ARG_TYPE_C2</relatedStateVariable>
        </argument>
        <argument>
          <name>C3</name>
          <direction>in</direction>
          <relatedStateVariable>A_ARG_TYPE_C3</relatedStateVariable>
        </argument>
        <argument>
          <name>C4</name>
          <direction>in</direction>
          <relatedStateVariable>A_ARG_TYPE_C4</relatedStateVariable>
        </argument>
        <argument>
          <name>C5</name>
          <direction>in</direction>
          <relatedStateVariable>A_ARG_TYPE_C5</relatedStateVariable>
        </argument>
        <argument>
          <name>C6</name>
          <direction>in</direction>
          <relatedStateVariable>A_ARG_TYPE_C6</relatedStateVariable>
        </argument>
        <argument>
          <name>C7</name>
          <direction>in</direction>
          <relatedStateVariable>A_ARG_TYPE_C7</relatedStateVariable>
        </argument>
        <argument>
          <name>C8</name>
          <direction>in</direction>
          <relatedStateVariable>A_ARG_TYPE_C8</relatedStateVariable>
        </argument>
        <argument>
          <name>C9</name>
          <direction>in</direction>
          <relatedStateVariable>A_ARG_TYPE_C9</relatedStateVariable>
        </argument>
      </argumentList>
    </action>
    <action>
      <name>Timeout</name>
      <argumentList>
        <argument>
          <name>Key</name>
          <direction>in</direction>
          <relatedStateVariable>A_ARG_TYPE_Key</relatedStateVariable>
        </argument>
      </argumentList>
    </action>
    <action>
      <name>Error</name>
      <argumentList>
        <argument>
          <name>Key</name>
          <direction>in</direction>
          <relatedStateVariable>A_ARG_TYPE_Key</relatedStateVariable>
        </argument>
        <argument>
          <name>ErrorMessage</name>
          <direction>in</direction>
          <relatedStateVariable>A_ARG_TYPE_ErrorMessage</relatedStateVariable>
        </argument>
      </argumentList>
    </action>
  </actionList>
</scpd>
